trial_id,prompt_id,prompt_type,prefix_id,prefix_category,prefix_text,replication,temperature,input_tokens,output_tokens,generation_time_ms,course_corrected,m_char_count,m_word_count,m_sentence_count,m_paragraph_count,m_list_item_count,m_question_count,m_avg_word_length,m_avg_sentence_length,m_type_token_ratio,m_flesch_reading_ease,m_flesch_kincaid_grade,m_hedge_word_count,m_certainty_marker_count,m_first_person_hedge_count,m_example_count,m_caveat_count,m_citation_like_count,m_exclamation_count,m_intensifier_count,j_thoroughness,j_accuracy,j_insight,j_clarity,j_engagement,j_nuance,j_usefulness
5c78b2c4-3ea5-403e-a7ee-c6b53fdf336a,fact_03,factual,C1,epistemic,I'm quite confident about this.,5,0.7,113,655,18881,False,2440,357,27,8,6,0,5.82,13.22,0.664,33.7,12.7,1,0,0,5,2,0,0,0,4,4,4,4,4,4,4
d3ecf2a0-11cb-4d6e-9396-e198dede77ca,fact_02,factual,B1,cognitive,Let me think through this carefully.,9,0.7,117,688,13190,False,2521,366,23,8,10,0,5.73,15.91,0.557,44.2,12.7,0,0,0,1,1,0,0,0,4,4,4,4,4,4,4
0fe9af89-84b0-4d71-9784-b14edeaf78b8,fact_04,factual,D1,control,,8,0.7,74,592,11377,False,2083,300,28,7,22,0,5.63,10.71,0.677,41.3,11.2,1,1,0,1,1,0,0,0,6,7,5,7,6,5,7
3a056554-f8bf-41de-ac61-a67a1dad9407,fact_05,factual,A1,emotional_positive,That's a really important question.,4,0.7,116,344,6704,False,1332,187,7,3,0,0,6.12,26.71,0.711,15.5,17.7,0,0,0,2,1,0,0,1,4,4,4,4,4,4,4
b5f38ed0-bac8-4c56-8b42-70ce6d3981c1,fact_05,factual,D1,control,,3,0.7,76,527,10083,False,2130,294,15,7,3,0,6.21,19.6,0.663,11.4,17.3,0,2,0,1,2,0,0,0,4,4,4,4,4,4,4
2ed8a726-0dc7-4e4a-a769-0c568f055421,fact_04,factual,C1,epistemic,I'm quite confident about this.,2,0.7,114,1016,19395,False,3908,580,38,11,8,0,5.68,15.26,0.538,27.8,14.4,1,0,0,2,0,0,0,1,4,4,4,4,4,4,4
2c0938e5-1621-4b79-9db2-f1b905b29577,fact_05,factual,D1,control,,7,0.7,76,970,18451,False,3209,451,23,18,11,0,6.08,19.61,0.568,18.3,15.6,1,1,0,3,3,0,0,0,4,4,4,4,4,4,4
ecbf5276-ccc6-497e-bd3a-5517a6bec9fb,fact_03,factual,C1,epistemic,I'm quite confident about this.,9,0.7,113,769,14726,False,2460,356,28,8,6,0,5.89,12.71,0.646,30.7,12.9,2,0,0,3,2,1,0,0,4,4,4,4,4,4,4
6d81d5a4-af18-4dc0-88c8-87f9e0748cad,fact_03,factual,A5,emotional_negative,That's a boring question.,1,0.7,111,639,12275,False,2713,404,29,9,7,0,5.7,13.93,0.626,33.1,12.9,1,0,0,2,2,0,0,1,4,4,4,4,4,4,4
db4f17f8-ee11-41ff-9a88-53572da93d95,fact_04,factual,A1,emotional_positive,That's a really important question.,5,0.7,114,795,15297,False,2850,451,28,11,8,0,5.24,16.11,0.565,40.0,12.2,1,0,0,3,0,0,0,1,4,4,4,4,4,4,4
4b8d0664-772d-4a80-958a-b96f25f17586,fact_05,factual,A1,emotional_positive,That's a really important question.,10,0.7,116,366,7479,False,1313,187,7,3,0,0,6.01,26.71,0.706,13.7,18.0,1,0,0,2,0,0,0,1,4,4,4,4,4,4,4
f9023a6c-a1da-44d7-8817-93c643e55a6f,fact_01,factual,D1,control,,4,0.7,74,1638,33776,False,6769,966,113,34,50,0,5.93,8.55,0.563,18.0,13.6,1,2,0,3,2,0,0,0,4,4,4,4,4,4,4
7c490986-ed47-49b2-9bb9-3a013fb73700,fact_03,factual,A1,emotional_positive,That's a really important question.,5,0.7,113,670,13909,False,3116,439,33,10,8,0,5.99,13.3,0.654,28.8,13.4,1,0,0,3,2,0,0,1,4,4,4,4,4,4,4
bd70d5d7-8a20-4aee-b764-7f6a6043d7ee,fact_04,factual,D1,control,,1,0.7,74,1619,32413,False,6089,922,65,31,42,0,5.49,14.18,0.515,31.0,13.0,2,0,0,2,0,0,0,1,4,4,4,4,4,4,4
fe0245e3-9615-488e-bd23-cb6477117fc6,fact_05,factual,B1,cognitive,Let me think through this carefully.,9,0.7,118,477,9561,False,2015,297,14,5,0,0,5.77,21.21,0.606,22.7,15.4,0,1,0,0,0,0,0,0,4,4,4,4,4,4,4
d2dc281e-935c-4562-9d8f-e5b1c2a032df,fact_05,factual,A5,emotional_negative,That's a boring question.,7,0.7,114,185,3812,False,757,119,5,1,0,0,5.37,23.8,0.739,39.8,13.6,0,0,0,1,1,0,0,0,4,4,4,4,4,4,4
94520384-c363-401a-bbf0-772975d2710e,fact_01,factual,A1,emotional_positive,That's a really important question.,7,0.7,114,792,15577,False,4043,522,40,12,20,0,6.56,13.05,0.672,5.0,16.7,2,0,0,3,2,0,0,1,4,4,4,4,4,4,4
e4de3666-8031-455b-91f6-013982ef2ade,fact_03,factual,A5,emotional_negative,That's a boring question.,9,0.7,111,813,15841,False,3116,449,30,9,21,0,5.92,14.97,0.624,26.1,14.1,1,0,0,3,2,0,0,0,4,4,4,4,4,4,4
8075bcc9-5418-4c3e-85a9-ee3af68102c8,fact_01,factual,A1,emotional_positive,That's a really important question.,4,0.7,114,1240,24022,False,5636,795,84,19,32,0,6.07,9.46,0.579,18.4,13.6,1,0,0,1,1,0,0,1,4,4,4,4,4,4,4
86b2c0fd-dd85-4199-ad83-ea38892f35c1,fact_05,factual,D1,control,,4,0.7,76,346,6806,False,1467,202,12,4,5,0,6.24,16.83,0.644,16.7,15.9,0,0,0,2,0,0,0,0,4,4,4,4,4,4,4
7aaa61f4-d6f6-4d34-a676-dc13607fb9fe,fact_04,factual,D1,control,,5,0.7,74,1320,26045,False,5165,822,72,19,20,0,5.25,11.42,0.49,42.6,10.7,1,1,0,3,0,0,0,2,4,4,4,4,4,4,4
a8d4358c-f659-4d54-9a66-85e2aa8bbe74,fact_01,factual,C1,epistemic,I'm quite confident about this.,7,0.7,114,987,19596,False,4745,651,47,26,23,0,6.25,13.85,0.585,13.0,15.7,1,1,0,3,2,0,0,0,4,4,4,4,4,4,4
d2b1b7ff-1695-4815-a01b-a486cf5f2ca1,fact_01,factual,D1,control,,1,0.7,74,830,17373,False,3414,483,43,11,24,0,5.88,11.23,0.611,22.4,12.9,0,1,0,2,2,0,0,0,4,4,4,4,4,4,4
b1b4cd59-6ccf-4ca7-b58d-52e809776d73,fact_01,factual,C1,epistemic,I'm quite confident about this.,3,0.7,114,884,18207,False,3571,498,37,12,10,0,6.15,13.46,0.627,14.9,15.5,1,1,0,3,3,0,0,0,4,4,4,4,4,4,4
cd03e94c-f0b6-4be0-b17a-df6e4701e0b5,fact_01,factual,A5,emotional_negative,That's a boring question.,10,0.7,112,898,18314,False,3643,497,44,10,27,0,6.31,11.3,0.626,12.4,15.0,1,0,0,2,1,0,0,0,6,7,4,7,6,6,7
4a59890a-470d-49c3-aaee-eb913105b384,fact_04,factual,A5,emotional_negative,That's a boring question.,9,0.7,112,525,10817,False,1988,307,23,8,6,0,5.36,13.35,0.606,45.7,11.1,1,0,0,1,1,0,0,0,4,4,4,4,4,4,4
f7938e4d-c6f3-4c28-be0c-57e3d313ccf5,fact_05,factual,C1,epistemic,I'm quite confident about this.,4,0.7,116,544,11154,False,1782,241,10,3,0,0,6.39,24.1,0.656,13.0,17.4,0,0,0,3,1,0,0,0,4,4,4,4,4,4,4
8e73287d-52b5-4a6c-8922-9ed09b97adcf,fact_02,factual,A1,emotional_positive,That's a really important question.,4,0.7,115,298,6028,False,867,140,8,1,0,0,5.2,17.5,0.664,57.9,9.5,0,0,0,1,0,0,0,1,4,4,4,4,4,4,4
d7984f75-27b0-4d1a-9430-2fd50b55834a,fact_02,factual,C1,epistemic,I'm quite confident about this.,8,0.7,115,341,6806,False,1016,166,7,1,0,0,5.13,23.71,0.633,50.8,12.1,0,1,0,1,1,0,0,0,4,4,4,4,4,4,4
95aa841f-c33d-46a3-9a03-1e49a7ec2c5c,fact_04,factual,C1,epistemic,I'm quite confident about this.,1,0.7,114,998,19502,False,2893,420,20,11,17,0,5.76,21.0,0.619,24.1,15.5,0,0,0,3,0,0,0,0,4,4,4,4,4,4,4
f8aadd1a-566e-474a-8118-f9b5bf0c16f8,fact_03,factual,A1,emotional_positive,That's a really important question.,1,0.7,113,1105,21351,False,5071,732,47,19,30,0,5.9,15.57,0.541,29.6,13.6,2,1,0,3,1,0,0,2,4,4,4,4,4,4,4
66b9fb71-413c-4536-9bff-5f93ee0c670a,fact_02,factual,B1,cognitive,Let me think through this carefully.,2,0.7,117,308,6077,True,1126,187,8,1,0,0,5.03,23.38,0.61,55.1,11.4,1,1,0,0,0,0,0,0,4,4,4,4,4,4,4
662ad2c9-d62a-43a2-9bcc-be69e1a7d35e,fact_02,factual,B1,cognitive,Let me think through this carefully.,5,0.7,117,459,8951,True,1660,270,14,6,4,0,5.13,19.29,0.589,48.2,13.1,0,0,0,0,2,0,0,0,4,4,4,4,4,4,4
4d531493-c395-46a5-a979-6ba624e9d051,fact_04,factual,B1,cognitive,Let me think through this carefully.,10,0.7,116,2000,38612,True,3752,557,43,17,25,0,5.61,12.95,0.56,27.4,13.1,2,0,0,3,1,0,0,0,4,4,4,4,4,4,4
c2942b59-1ee6-4f9b-813f-de305071818c,fact_05,factual,B1,cognitive,Let me think through this carefully.,4,0.7,118,584,11440,False,2537,360,15,5,0,0,6.04,24.0,0.608,15.6,17.0,1,1,0,2,1,0,0,0,4,4,4,4,4,4,4
34efe0bb-8e1d-48bf-9617-2f1d61db4339,fact_04,factual,A5,emotional_negative,That's a boring question.,1,0.7,112,1113,21383,True,3638,612,35,19,12,0,4.92,17.49,0.497,47.6,12.6,0,1,0,2,1,0,0,0,4,4,4,4,4,4,4
5a8e1a03-84b6-4cba-ae3d-f2b449c67998,fact_01,factual,D1,control,,2,0.7,74,1565,29960,False,6561,955,105,31,33,0,5.82,9.1,0.55,21.5,12.8,2,1,0,2,2,0,0,0,4,4,4,4,4,4,4
da0a2d49-5fd6-4c1a-905b-af26add43307,fact_01,factual,B1,cognitive,Let me think through this carefully.,8,0.7,116,1272,24384,False,5304,718,80,29,43,0,6.26,8.97,0.6,10.4,14.4,1,2,0,2,1,0,0,0,4,4,4,4,4,4,4
4e8b6a4f-abd8-4aa5-bb40-b8e27ed91ce1,fact_03,factual,A1,emotional_positive,That's a really important question.,3,0.7,113,727,14001,False,3241,465,31,9,7,0,5.88,15.0,0.654,29.1,14.0,2,1,0,5,2,0,0,1,4,4,4,4,4,4,4
bc3a1829-e779-40cf-a481-6c55ff2aa44f,fact_02,factual,B1,cognitive,Let me think through this carefully.,6,0.7,117,609,11783,False,2200,358,20,9,5,0,5.12,17.9,0.528,55.5,10.8,1,0,0,2,2,0,0,1,4,4,4,4,4,4,4
b5b86c48-4adf-4bc8-9d24-2431ea0cafd2,fact_03,factual,D1,control,,9,0.7,73,976,18919,False,4022,572,36,9,35,0,5.97,15.89,0.603,26.9,13.7,2,1,0,1,1,0,0,0,4,4,4,4,4,4,4
fc791ca3-146e-4940-b522-a6991cc13e84,fact_05,factual,A5,emotional_negative,That's a boring question.,2,0.7,114,343,6848,False,856,127,5,1,0,0,5.75,25.4,0.701,27.2,15.8,0,0,0,1,0,0,0,0,4,4,4,4,4,4,4
e9a0f870-267a-4d9e-8883-caa3d27ffbca,fact_03,factual,D1,control,,10,0.7,73,985,18751,False,4054,574,56,19,40,0,5.92,10.25,0.608,28.9,12.2,2,0,0,1,2,0,0,1,4,4,4,4,4,4,4
53fa862d-e436-47be-b5a4-2e6990c4c283,fact_03,factual,A1,emotional_positive,That's a really important question.,7,0.7,113,817,15698,False,3756,537,39,9,26,0,5.98,13.77,0.626,26.0,13.7,4,0,0,3,2,0,0,2,4,4,4,4,4,4,4
68d2fe60-8c9a-4317-a9fd-c47166e5d24b,fact_05,factual,A5,emotional_negative,That's a boring question.,4,0.7,114,270,5332,False,732,106,5,1,0,0,5.92,21.2,0.736,22.5,15.4,0,0,0,2,0,0,0,0,4,4,4,4,4,4,4
87d213b7-ea33-4a28-90ae-be02615c72b3,fact_04,factual,A5,emotional_negative,That's a boring question.,4,0.7,112,729,14081,True,2634,424,35,11,15,0,5.14,12.11,0.561,47.4,10.9,0,0,0,4,2,0,0,0,4,4,4,4,4,4,4
6e2265d5-f8d7-40cd-88d2-6c9c30459163,fact_03,factual,D1,control,,7,0.7,73,1721,32892,False,7272,995,103,36,39,0,6.22,9.66,0.522,25.8,12.2,2,0,0,2,2,0,0,1,4,4,4,4,4,4,4
e57f9777-12a5-4fbb-81e5-1f17b487a415,fact_02,factual,A5,emotional_negative,That's a boring question.,1,0.7,113,255,5075,False,601,104,6,1,0,0,4.79,17.33,0.74,66.4,8.3,0,0,0,0,0,0,0,0,4,4,4,4,4,4,4
12a92482-6eb7-4823-ba55-fe06774dd67a,fact_01,factual,A1,emotional_positive,That's a really important question.,5,0.7,114,1085,20817,False,5203,713,64,12,35,0,6.28,11.14,0.626,16.5,14.5,3,1,0,4,3,0,0,1,4,4,4,4,4,4,4
23f0d773-e0df-495c-a0fc-7c8551e2e116,fact_05,factual,A1,emotional_positive,That's a really important question.,2,0.7,116,182,3668,False,846,126,6,1,0,0,5.72,21.0,0.698,29.7,14.3,0,0,0,2,1,0,0,1,4,4,4,4,4,4,4
95a726cc-36c3-4c75-9e14-53eded63fb69,fact_03,factual,B1,cognitive,Let me think through this carefully.,7,0.7,115,828,15927,True,3525,503,30,9,24,0,5.83,16.77,0.61,23.7,15.2,0,2,0,4,2,1,0,1,4,4,4,4,4,4,4
750bb6fe-8b8c-4fcc-ae65-ca7651c9079b,fact_05,factual,A5,emotional_negative,That's a boring question.,3,0.7,114,711,13736,False,3034,440,23,11,7,0,5.84,19.13,0.584,26.1,14.7,1,0,0,1,4,0,0,0,4,4,4,4,4,4,4
0c39888c-354d-4a98-a778-a1dce7c930f3,fact_04,factual,A1,emotional_positive,That's a really important question.,6,0.7,114,837,16145,False,3041,482,27,10,7,0,5.25,17.85,0.548,38.2,12.6,2,0,0,0,1,0,0,1,4,4,4,4,4,4,4
fc2b33bc-6489-4857-a105-08f2410cf5e1,fact_03,factual,A5,emotional_negative,That's a boring question.,7,0.7,111,587,11344,True,2122,321,22,9,7,0,5.59,14.59,0.679,33.3,13.5,1,1,0,2,1,0,0,0,4,4,4,4,4,4,4
a1b92a41-c364-457d-b58a-e908d8e8e2c6,fact_04,factual,A1,emotional_positive,That's a really important question.,7,0.7,114,849,16363,False,3186,469,37,9,12,0,5.65,12.68,0.557,38.5,12.1,1,0,0,3,0,0,0,2,4,4,4,4,4,4,4
366eba5b-6803-426f-b07b-61c5c62dd7c7,fact_05,factual,B1,cognitive,Let me think through this carefully.,5,0.7,118,447,8705,False,1757,248,12,5,3,0,6.07,20.67,0.641,21.2,15.8,2,0,0,2,2,0,0,0,4,4,4,4,4,4,4
187e009d-43b4-411b-94b9-29c8f20f8113,fact_01,factual,B1,cognitive,Let me think through this carefully.,3,0.7,116,860,16610,False,3709,469,36,9,29,0,6.66,13.03,0.689,5.3,16.3,2,1,0,2,2,0,0,0,4,4,4,4,4,4,4
54154351-713e-4532-93ba-3ac34c1666fc,fact_03,factual,A5,emotional_negative,That's a boring question.,8,0.7,111,497,9660,False,1925,290,26,8,6,0,5.62,11.15,0.676,39.7,11.4,0,0,0,3,0,0,0,0,4,4,4,4,4,4,4
6778bf71-1596-4acc-90c0-9a7e6efde63c,fact_02,factual,C1,epistemic,I'm quite confident about this.,3,0.7,115,314,6208,False,815,126,6,1,0,0,5.48,21.0,0.738,46.5,12.0,0,0,0,0,1,0,0,0,4,4,4,4,4,4,4
d181797c-19e0-42bf-b36a-00a7fcd69d09,fact_01,factual,A5,emotional_negative,That's a boring question.,3,0.7,112,1148,22086,True,5166,716,64,34,38,0,6.17,11.19,0.633,19.1,14.0,1,1,0,5,2,0,0,0,4,4,4,4,4,4,4
966dbc71-0362-48f3-ba51-47c57a0849ba,fact_05,factual,A1,emotional_positive,That's a really important question.,6,0.7,116,256,5138,False,965,139,6,2,0,0,5.94,23.17,0.719,20.8,16.1,0,0,0,2,0,0,0,1,4,4,4,4,4,4,4
4e895537-35d0-467b-97b7-0ee9f1dd8960,fact_05,factual,B1,cognitive,Let me think through this carefully.,3,0.7,118,948,18352,False,3919,529,35,14,26,0,6.32,15.11,0.582,15.6,15.7,1,1,0,2,4,0,0,0,4,4,4,4,4,4,4
d6dab050-5883-4b48-b73e-6972fcb16b72,fact_04,factual,B1,cognitive,Let me think through this carefully.,8,0.7,116,718,13848,False,2760,421,29,8,14,0,5.39,14.52,0.606,39.1,12.3,2,0,0,2,1,0,0,0,4,4,4,4,4,4,4
7b85d039-f5b1-457d-92e3-7c4f2cb977cf,fact_04,factual,A5,emotional_negative,That's a boring question.,10,0.7,112,626,12143,False,2238,361,16,6,5,0,5.17,22.56,0.593,28.9,16.0,0,0,0,1,0,0,0,0,4,4,4,4,4,4,4
a42a4d83-aa37-4774-bbeb-1629784bb97d,fact_05,factual,A5,emotional_negative,That's a boring question.,6,0.7,114,225,4488,False,710,104,5,1,0,0,5.84,20.8,0.779,25.5,14.9,0,0,0,2,0,0,0,0,4,4,4,4,4,4,4
b98ea6d0-36ce-4c30-be2f-1fa39fd9ddba,fact_05,factual,A5,emotional_negative,That's a boring question.,9,0.7,114,229,4577,False,638,93,4,1,0,0,5.87,23.25,0.753,21.3,16.1,0,0,0,1,0,0,0,0,4,4,4,4,4,4,4
36204fc1-344b-4069-bb12-2a47ea95742b,fact_01,factual,C1,epistemic,I'm quite confident about this.,8,0.7,114,618,11956,False,2583,341,26,14,11,0,6.45,13.12,0.716,9.8,15.8,0,1,0,1,1,0,0,0,4,4,4,4,4,4,4
ed8739bb-e0f4-4d42-8f49-76e8ef02284d,fact_05,factual,D1,control,,9,0.7,76,820,15704,False,3304,453,28,11,10,0,6.23,16.18,0.598,18.2,15.3,0,2,0,2,4,0,0,0,4,4,4,4,4,4,4
44ff7f03-59be-4dcf-9c60-e2513812d627,fact_04,factual,D1,control,,2,0.7,74,1228,23441,False,4394,669,39,23,36,0,5.43,17.15,0.537,27.9,13.8,1,0,0,1,2,0,0,0,4,4,4,4,4,4,4
86b2e9e7-865b-4887-adbd-e905fca53511,fact_04,factual,A5,emotional_negative,That's a boring question.,3,0.7,112,689,13334,False,2660,406,34,8,11,0,5.43,11.94,0.591,41.7,11.6,1,0,0,2,0,0,0,0,4,4,4,4,4,4,4
0f718126-4a89-44ec-8cbb-d4510cd10061,fact_04,factual,A5,emotional_negative,That's a boring question.,2,0.7,112,793,15356,True,2764,447,19,9,4,0,5.12,23.53,0.541,40.3,14.2,2,0,0,1,1,0,0,1,4,4,4,4,4,4,4
eef4342e-0247-4bc5-8f25-06966577f19e,fact_01,factual,D1,control,,5,0.7,74,1115,21385,False,4690,668,79,27,33,0,5.89,8.46,0.597,10.2,14.2,0,2,0,1,2,0,0,0,4,4,4,4,4,4,4
6e2dcb89-eef2-497f-b951-cccbb02ae1c0,fact_05,factual,A1,emotional_positive,That's a really important question.,1,0.7,116,846,16350,False,3117,435,24,9,8,0,6.15,18.12,0.625,20.2,15.7,0,0,0,3,2,0,0,1,4,4,4,4,4,4,4
3e21628e-d726-4289-977f-8fd4c33a43e7,fact_03,factual,A1,emotional_positive,That's a really important question.,4,0.7,113,733,14107,False,3109,436,30,10,27,0,5.99,14.53,0.651,23.5,14.4,2,0,0,2,2,0,0,1,4,4,4,4,4,4,4
2864288c-c439-4366-8053-d2052bc61870,fact_02,factual,A5,emotional_negative,That's a boring question.,6,0.7,113,235,4659,False,504,82,5,1,0,0,5.16,16.4,0.732,61.2,8.8,0,0,0,1,0,0,0,0,4,4,4,4,4,4,4
dac2b097-5028-49f3-aa8b-4fa8a33cba00,fact_02,factual,A1,emotional_positive,That's a really important question.,2,0.7,115,267,5264,False,930,150,7,1,0,0,5.21,21.43,0.62,52.0,11.3,1,1,0,1,0,0,0,1,4,4,4,4,4,4,4
17f7f51a-91d6-4d88-a20b-490a57f47ec5,fact_05,factual,C1,epistemic,I'm quite confident about this.,1,0.7,116,495,9579,False,1390,198,8,3,0,0,6.02,24.75,0.722,16.8,17.1,0,0,0,2,0,0,0,0,4,4,4,4,4,4,4
ae6be010-7948-430d-ab2f-a3c6d9639007,fact_03,factual,D1,control,,3,0.7,73,1178,22502,False,4823,683,51,15,18,0,6.0,13.39,0.58,24.7,13.9,1,0,0,1,1,1,0,1,4,4,4,4,4,4,4
b4f2e277-ef0b-41ce-8cbe-f0b772d11b55,fact_05,factual,C1,epistemic,I'm quite confident about this.,9,0.7,116,222,4487,False,920,134,5,1,0,0,5.87,26.8,0.761,20.5,17.1,0,0,0,2,1,0,0,0,4,4,4,4,4,4,4
aa826c76-f89d-4dfd-a03e-63bb7e9d86a3,fact_02,factual,A1,emotional_positive,That's a really important question.,1,0.7,115,254,5043,False,948,151,7,2,0,0,5.28,21.57,0.623,52.7,11.3,0,0,0,0,1,0,0,1,4,4,4,4,4,4,4
d97cd3ed-fca8-4aa4-bfcc-018227e8935f,fact_01,factual,A5,emotional_negative,That's a boring question.,1,0.7,112,1284,24525,False,5357,738,66,26,33,0,6.23,11.18,0.625,18.2,14.2,3,1,0,2,3,0,0,0,4,4,4,4,4,4,4
8bdb41d4-0645-4429-8dec-725a9de647c4,fact_03,factual,D1,control,,5,0.7,73,820,15684,False,3631,511,30,17,14,0,6.03,17.03,0.605,22.2,14.4,2,0,0,1,1,1,0,0,7,7,6,7,7,7,7
6df1f72f-296a-4918-a33c-4eb948d93256,fact_04,factual,B1,cognitive,Let me think through this carefully.,2,0.7,116,1133,21724,False,4580,700,48,22,25,0,5.47,14.58,0.539,35.0,12.9,1,0,0,3,1,0,0,1,4,4,4,4,4,4,4
c691c57a-e4db-496d-aec8-3e1256a282d6,fact_02,factual,D1,control,,1,0.7,75,460,8899,False,1422,232,13,4,2,0,5.1,17.85,0.608,61.3,8.7,0,0,0,0,1,0,0,0,4,4,4,4,4,4,4
5090d0ac-00d1-472d-8c5d-313edd23409d,fact_05,factual,A5,emotional_negative,That's a boring question.,8,0.7,114,587,11635,False,688,98,5,1,0,0,6.03,19.6,0.786,20.3,15.3,0,0,0,1,1,0,0,0,4,4,4,4,4,4,4
de3ff486-6d90-4474-8193-99d47efb683c,fact_04,factual,A1,emotional_positive,That's a really important question.,1,0.7,114,909,17902,False,3914,618,33,12,10,0,5.27,18.73,0.545,39.5,12.9,2,0,0,1,2,0,0,1,4,4,4,4,4,4,4
61332a4e-8053-450a-82ed-396420a17618,fact_04,factual,B1,cognitive,Let me think through this carefully.,9,0.7,116,695,13675,False,2669,401,28,8,11,0,5.52,14.32,0.591,35.8,12.7,1,0,0,3,1,0,0,0,4,4,4,4,4,4,4
e1353004-1398-49e5-a51c-5254f3b9f7b8,fact_02,factual,A1,emotional_positive,That's a really important question.,5,0.7,115,280,5602,False,754,122,6,1,0,0,5.19,20.33,0.656,57.9,10.2,0,0,0,0,0,0,0,1,4,4,4,4,4,4,4
626c4f5d-4579-435e-94ac-d96bb1c78f03,fact_03,factual,C1,epistemic,I'm quite confident about this.,7,0.7,113,584,11457,False,2051,303,21,8,6,0,5.75,14.43,0.686,28.6,14.2,1,1,0,2,1,1,0,0,4,4,4,4,4,4,4
fd6ab281-6881-4b79-97e6-f2bdf5a0bc7a,fact_03,factual,C1,epistemic,I'm quite confident about this.,8,0.7,113,561,11277,False,2133,323,25,8,6,0,5.59,12.92,0.663,38.1,12.3,1,1,0,2,0,0,0,0,4,4,4,4,4,4,4
7ff9aa25-3b64-4171-a588-3c90b802106b,fact_01,factual,A5,emotional_negative,That's a boring question.,5,0.7,112,438,8516,False,1836,255,24,9,20,0,5.92,10.62,0.737,24.6,13.4,1,2,0,2,1,0,0,1,6,7,3,7,6,5,7
6b9877c2-4005-488b-a699-72c7057ba83c,fact_02,factual,C1,epistemic,I'm quite confident about this.,1,0.7,115,387,7586,False,738,119,6,1,0,0,5.21,19.83,0.723,59.4,9.9,0,0,0,1,0,0,0,0,4,4,4,4,4,4,4
e51b6ea8-9b0c-4b69-8f03-e654d080e3d1,fact_03,factual,A1,emotional_positive,That's a really important question.,2,0.7,113,757,14726,False,3501,517,33,10,8,0,5.68,15.67,0.623,32.7,13.6,2,0,0,3,1,0,0,2,4,4,4,4,4,4,4
dbc81c52-551b-4a9c-a287-70db29d00445,fact_05,factual,B1,cognitive,Let me think through this carefully.,2,0.7,118,580,11291,False,2244,303,17,8,4,0,6.39,17.82,0.663,16.4,16.3,0,1,0,2,2,0,0,1,4,4,4,4,4,4,4
b6d3605a-8fbc-4f56-a956-48ef896e38d7,fact_02,factual,B1,cognitive,Let me think through this carefully.,3,0.7,117,343,6740,False,1040,172,8,2,0,0,5.04,21.5,0.599,56.6,10.7,1,0,0,1,1,0,0,0,4,4,4,4,4,4,4
040f244b-9592-42d9-bd7e-9c39b934d399,fact_02,factual,C1,epistemic,I'm quite confident about this.,2,0.7,115,308,6089,False,557,92,4,1,0,0,5.07,23.0,0.793,59.3,10.7,0,0,0,0,0,0,0,0,4,4,4,4,4,4,4
6d48de41-bcbd-4f4d-9f74-5b707b525464,fact_03,factual,B1,cognitive,Let me think through this carefully.,8,0.7,115,630,12179,False,2726,380,22,9,15,0,6.0,17.27,0.684,22.3,15.3,1,0,0,3,2,0,0,0,4,4,4,4,4,4,4
cb589022-daf8-42c1-91ad-250d416d968e,fact_03,factual,C1,epistemic,I'm quite confident about this.,3,0.7,113,357,7007,False,1388,201,13,4,0,0,5.9,15.46,0.716,31.6,13.0,0,0,0,3,1,0,0,0,4,4,4,4,4,4,4
010e0964-f3e5-4292-9b0c-9e432e82a0f3,fact_02,factual,C1,epistemic,I'm quite confident about this.,4,0.7,115,252,4983,False,816,133,6,1,0,0,5.14,22.17,0.707,48.2,12.0,0,0,0,1,0,0,0,0,4,4,4,4,4,4,4
1d5621bd-606e-41d1-865d-5f72ca22400b,fact_02,factual,A5,emotional_negative,That's a boring question.,5,0.7,113,409,7940,False,738,122,6,1,0,0,5.06,20.33,0.689,57.9,10.2,0,0,0,0,0,0,0,0,4,4,4,4,4,4,4
44d1c370-3684-4dda-8873-e62447488f53,fact_02,factual,D1,control,,9,0.7,75,436,8413,False,1177,187,7,6,0,0,5.26,26.71,0.594,54.3,12.3,0,0,0,0,0,1,0,0,6,7,4,7,6,5,7
2e4577d3-a3df-495b-840f-90f4ad44b3b4,fact_01,factual,C1,epistemic,I'm quite confident about this.,6,0.7,114,870,16735,False,3797,489,38,9,29,0,6.53,12.87,0.681,10.4,15.7,1,1,0,1,0,0,0,1,4,4,4,4,4,4,4
10624249-cb17-4295-b07a-ee55fb229cca,fact_02,factual,A1,emotional_positive,That's a really important question.,6,0.7,115,235,4797,False,766,125,7,1,0,0,5.14,17.86,0.696,56.1,9.9,0,0,0,2,0,0,0,1,4,4,4,4,4,4,4
0213c076-ff4e-4eb3-b55b-7d88dcb7ea0a,fact_04,factual,A5,emotional_negative,That's a boring question.,6,0.7,112,881,16954,False,3100,473,32,10,17,0,5.4,14.78,0.59,40.0,11.9,2,0,0,1,1,0,0,1,4,4,4,4,4,4,4
c82050e3-7be8-4e10-be4c-81f116e4ebf1,fact_03,factual,D1,control,,8,0.7,73,674,13236,False,3001,442,35,10,5,0,5.73,12.63,0.548,34.8,11.6,1,0,0,1,0,0,0,1,4,4,4,4,4,4,4
c75e211d-1e3b-4979-867f-094d0ca91a60,fact_03,factual,A5,emotional_negative,That's a boring question.,2,0.7,111,766,14872,False,3060,433,33,10,24,0,6.05,13.12,0.651,25.9,13.4,1,1,0,1,3,0,0,0,4,4,4,4,4,4,4
d5a1cb19-6a74-442c-b7eb-b092bc728d79,fact_05,factual,D1,control,,8,0.7,76,543,10545,False,2228,308,16,9,3,0,6.2,19.25,0.62,17.0,15.9,0,1,0,2,3,0,0,0,4,4,4,4,4,4,4
18fbd0ae-f9aa-4c28-89c1-6d4165196328,fact_03,factual,B1,cognitive,Let me think through this carefully.,10,0.7,115,1102,21542,False,4877,667,41,13,29,0,6.15,16.27,0.619,19.7,15.1,4,1,0,3,2,1,0,2,4,4,4,4,4,4,4
2c60a227-78f0-4b5f-93ee-b8ed9a88b84f,fact_04,factual,D1,control,,6,0.7,74,584,11415,False,1647,247,18,6,18,0,5.37,13.72,0.652,42.3,11.5,0,0,0,0,0,0,0,0,4,4,4,4,4,4,4
fbe2d04a-19cc-4527-8221-a61599775b59,fact_05,factual,D1,control,,1,0.7,76,259,5182,False,1182,164,12,4,5,0,6.13,13.67,0.677,24.2,14.9,0,0,0,1,3,0,0,0,4,4,4,4,4,4,4
b3be0384-d8de-434f-bb42-deea431980c5,fact_05,factual,A1,emotional_positive,That's a really important question.,7,0.7,116,703,13579,False,2681,375,25,8,8,0,6.08,15.0,0.616,24.3,14.4,0,0,0,2,1,0,0,1,4,4,4,4,4,4,4
dcf58497-a9ef-4f63-ac1c-5bcdb8c06c64,fact_04,factual,D1,control,,3,0.7,74,927,17726,False,3692,578,43,8,11,0,5.38,13.44,0.512,36.7,11.7,0,0,0,1,1,0,0,0,4,4,4,4,4,4,4
e9f3c989-ee09-4a16-819e-a49c6748acef,fact_04,factual,A1,emotional_positive,That's a really important question.,10,0.7,114,863,16624,False,3228,502,28,10,13,0,5.36,17.93,0.546,36.3,12.8,1,0,0,1,1,0,0,1,4,4,4,4,4,4,4
5e7dcaba-b359-4805-854a-8d2ad7779f28,fact_02,factual,D1,control,,7,0.7,75,436,8420,False,1774,280,17,8,9,1,5.3,16.47,0.575,53.7,10.5,0,0,0,0,0,0,0,0,4,4,4,4,4,4,4
53b35502-5175-4d3e-8ed0-a95e167aeb7f,fact_01,factual,B1,cognitive,Let me think through this carefully.,7,0.7,116,568,10979,False,2683,366,28,10,8,0,6.31,13.07,0.686,13.0,15.7,1,2,0,2,1,0,0,0,4,4,4,4,4,4,4
d5f9ae33-d04f-449b-8a39-7566946b249b,fact_04,factual,D1,control,,7,0.7,74,846,16325,False,3286,532,34,10,14,0,5.16,15.65,0.532,38.4,12.5,1,1,0,2,1,0,0,0,4,4,4,4,4,4,4
e78121f6-795f-4384-82a5-c3007137713d,fact_04,factual,A5,emotional_negative,That's a boring question.,7,0.7,112,1104,21639,True,3763,611,34,13,16,0,5.14,17.97,0.524,38.1,13.6,2,0,0,2,3,0,0,1,4,4,4,4,4,4,4
b4cab7de-c754-4366-929b-8067d413e3c7,fact_05,factual,C1,epistemic,I'm quite confident about this.,8,0.7,116,396,7839,False,1208,176,8,3,0,0,5.85,22.0,0.705,24.0,15.4,0,0,0,2,0,0,0,0,4,4,4,4,4,4,4
a6ce4707-ffe9-4408-94a1-3bf702afcb25,fact_05,factual,C1,epistemic,I'm quite confident about this.,6,0.7,116,299,5905,False,866,124,5,1,0,0,5.99,24.8,0.758,17.2,17.0,0,0,0,2,0,0,0,0,4,4,4,4,4,4,4
67648daf-aa3f-40e8-a881-f7239000a582,fact_05,factual,C1,epistemic,I'm quite confident about this.,10,0.7,116,410,8156,False,1134,157,7,1,0,0,6.23,22.43,0.72,15.4,16.7,0,0,0,2,0,0,0,0,4,4,4,4,4,4,4
394b8e83-47f6-4068-9bef-88ccb9671ce5,fact_02,factual,A1,emotional_positive,That's a really important question.,7,0.7,115,343,6844,False,1228,204,11,3,0,0,5.01,18.55,0.613,57.8,9.8,0,0,0,1,1,0,0,1,4,4,4,4,4,4,4
7f168be2-424c-4937-913f-026e9dfb3392,fact_02,factual,B1,cognitive,Let me think through this carefully.,4,0.7,117,279,5690,True,972,153,8,1,0,0,5.36,19.12,0.686,53.6,10.5,0,0,0,0,1,0,0,0,4,4,4,4,4,4,4
b78ed59a-449a-44f5-847c-b0c9e4dabac4,fact_02,factual,C1,epistemic,I'm quite confident about this.,10,0.7,115,401,7890,False,710,114,6,1,0,0,5.24,19.0,0.728,55.2,10.2,0,1,0,0,0,0,0,0,4,4,4,4,4,4,4
4e8af868-39e7-4a28-b102-980bbb1736ff,fact_05,factual,D1,control,,6,0.7,76,316,6166,False,1230,175,9,4,1,0,6.01,19.44,0.64,18.5,15.6,0,0,0,1,0,0,0,0,4,4,4,4,4,4,4
a056c4c8-d3bb-40a2-9bb5-674bc5f272ed,fact_05,factual,B1,cognitive,Let me think through this carefully.,10,0.7,118,277,5479,False,1131,171,7,1,0,0,5.62,24.43,0.649,26.2,15.7,0,0,0,1,1,0,0,0,4,4,4,4,4,4,4
e340585f-75a7-4b1d-8732-303f8343f285,fact_02,factual,D1,control,,4,0.7,75,297,5809,False,963,153,9,5,1,0,5.24,17.0,0.673,57.8,9.4,0,0,0,0,1,0,0,0,4,4,4,4,4,4,4
816aa2f8-c2e0-43ed-88f2-1a3038c0f45e,fact_04,factual,B1,cognitive,Let me think through this carefully.,1,0.7,116,856,16436,True,2830,433,27,8,11,0,5.41,16.04,0.568,43.0,12.1,2,0,0,2,0,0,0,0,4,4,4,4,4,4,4
0cc7462a-a425-4ea9-9e1b-d92e8900c5d8,fact_02,factual,A5,emotional_negative,That's a boring question.,4,0.7,113,229,4665,True,824,134,6,1,0,0,5.16,22.33,0.649,53.5,11.3,2,0,0,1,1,0,0,0,4,4,4,4,4,4,4
823d85a8-4f21-4dbc-8cf9-73ee601585a9,fact_03,factual,A5,emotional_negative,That's a boring question.,5,0.7,111,641,12718,False,2787,403,27,8,6,0,5.9,14.93,0.66,28.9,13.7,1,0,0,2,1,1,0,1,4,4,4,4,4,4,4
59c36022-60c3-4db9-b904-4b22cc4c1fba,fact_04,factual,C1,epistemic,I'm quite confident about this.,9,0.7,114,940,18088,False,3208,466,42,11,16,0,5.74,11.1,0.616,36.1,11.9,1,1,0,3,0,0,0,0,4,4,4,4,4,4,4
8ae54e42-201d-4d90-a4f4-230af7a28d93,fact_03,factual,A1,emotional_positive,That's a really important question.,9,0.7,113,1071,20877,False,4720,654,47,15,33,0,6.04,13.91,0.595,25.7,13.8,2,0,0,4,2,1,0,1,4,4,4,4,4,4,4
d2d7590a-b1ec-41b0-9752-acbd7f0778d6,fact_02,factual,C1,epistemic,I'm quite confident about this.,6,0.7,115,181,3657,False,565,89,6,1,0,0,5.36,14.83,0.787,57.7,8.9,0,0,0,1,0,0,0,0,4,4,4,4,4,4,4
81a6bbfb-29d4-45ac-aa87-d7dd612ecd2c,fact_03,factual,C1,epistemic,I'm quite confident about this.,1,0.7,113,767,14828,False,2656,398,25,9,7,0,5.66,15.92,0.613,28.9,14.3,1,1,0,3,0,1,0,1,4,4,4,4,4,4,4
17534555-90c0-4814-9eb4-6bda7d410310,fact_02,factual,A1,emotional_positive,That's a really important question.,8,0.7,115,248,4945,False,914,154,7,1,0,0,4.94,22.0,0.623,56.0,10.9,1,1,0,1,0,0,0,1,4,4,4,4,4,4,4
fd7a47a9-2fb3-435d-b839-8dec71b2e077,fact_04,factual,C1,epistemic,I'm quite confident about this.,6,0.7,114,1152,23086,False,4039,620,48,11,15,0,5.46,12.92,0.545,36.8,11.9,2,0,0,3,1,0,0,1,4,4,4,4,4,4,4
e259a43f-43f2-48ec-be52-3ff63bc34097,fact_02,factual,A1,emotional_positive,That's a really important question.,10,0.7,115,259,5130,False,788,132,7,1,0,0,4.98,18.86,0.682,62.7,9.2,0,0,0,1,0,0,0,1,4,4,4,4,4,4,4
1077541e-12f8-4026-a229-f952fd7f1193,fact_01,factual,C1,epistemic,I'm quite confident about this.,9,0.7,114,623,12026,False,2626,354,34,9,24,0,6.15,10.41,0.678,14.7,14.6,1,2,0,2,1,0,0,0,4,4,4,4,4,4,4
3d0ec0d0-422d-4a30-b6c4-d8d03419c646,fact_05,factual,A1,emotional_positive,That's a really important question.,8,0.7,116,282,5584,False,1221,180,8,3,0,0,5.78,22.5,0.678,22.3,15.7,0,0,0,2,1,0,0,1,4,4,4,4,4,4,4
35315f56-0fc6-4e21-8ffe-c6e67caa1b1b,fact_05,factual,A1,emotional_positive,That's a really important question.,3,0.7,116,566,10979,False,2079,303,17,6,3,0,5.85,17.82,0.63,25.9,14.3,1,1,0,4,1,0,0,1,4,4,4,4,4,4,4
ff7b190f-cfb1-4492-b865-d2410c6523db,fact_01,factual,A1,emotional_positive,That's a really important question.,9,0.7,114,1260,25415,False,5521,752,82,22,45,0,6.27,9.17,0.59,9.2,14.8,2,0,0,2,1,0,0,1,4,4,4,4,4,4,4
0a8abfe9-cda5-40a2-8285-8caca2ca660d,fact_05,factual,D1,control,,5,0.7,76,346,6691,False,1404,199,10,4,1,0,6.04,19.9,0.628,15.5,16.1,0,0,0,2,1,0,0,0,4,4,4,4,4,4,4
35b1ec3d-6278-421d-96da-c659b4559de5,fact_03,factual,B1,cognitive,Let me think through this carefully.,3,0.7,115,1178,22857,False,5306,763,48,21,28,0,5.91,15.9,0.575,29.9,13.6,2,0,0,2,3,0,0,1,4,4,4,4,4,4,4
ef7fc747-1cf0-4841-9351-d8f2893d866a,fact_05,factual,A5,emotional_negative,That's a boring question.,1,0.7,114,325,6419,False,1028,157,5,1,0,0,5.55,31.4,0.643,19.8,18.3,1,0,0,2,1,0,0,0,4,4,4,4,4,4,4
1f44c61a-1207-4450-be1b-56a8dc6c64fd,fact_03,factual,A5,emotional_negative,That's a boring question.,4,0.7,111,577,11150,False,2058,306,24,8,6,0,5.71,12.75,0.673,34.0,12.7,0,0,0,2,0,0,0,1,4,4,4,4,4,4,4
fe4d0da7-3a74-4711-a1b3-5b538f83d893,fact_02,factual,A5,emotional_negative,That's a boring question.,3,0.7,113,238,4771,False,851,141,8,1,0,0,5.04,17.62,0.638,61.7,9.0,0,0,0,1,0,0,0,0,4,4,4,4,4,4,4
250c55a3-9f33-4dae-bde5-e2d6c72e5dc7,fact_04,factual,C1,epistemic,I'm quite confident about this.,7,0.7,114,873,16913,False,3479,549,29,12,13,0,5.24,18.93,0.515,39.6,13.1,1,0,0,2,1,0,0,0,4,4,4,4,4,4,4
6049b19e-b105-4d4f-8386-00e02df36d0f,fact_02,factual,A5,emotional_negative,That's a boring question.,9,0.7,113,340,6677,False,631,103,6,1,0,0,5.14,17.17,0.709,62.1,8.9,0,0,0,1,0,0,0,0,4,4,4,4,4,4,4
cd189568-8baa-4d97-b785-4a1c4029d79f,fact_02,factual,D1,control,,10,0.7,75,279,5457,False,999,157,11,3,4,0,5.31,14.27,0.682,51.9,11.4,0,0,0,0,0,0,0,0,4,4,4,4,4,4,4
7ec16c12-30c4-4b94-8e94-ef4b2d03afe2,fact_01,factual,C1,epistemic,I'm quite confident about this.,4,0.7,114,1063,20480,False,4729,660,60,18,20,0,6.11,11.0,0.595,14.1,14.5,1,1,0,3,1,0,0,0,6,7,5,7,6,6,7
466a479c-cd96-4786-8ec2-28966afb8cce,fact_04,factual,D1,control,,9,0.7,74,1030,19789,False,4200,640,65,14,19,0,5.53,9.85,0.528,39.3,10.7,1,0,0,1,0,0,0,1,4,4,4,4,4,4,4
51b67cf9-d52b-481e-8177-b82c0eec4fc6,fact_01,factual,D1,control,,6,0.7,74,1220,23541,False,5041,713,89,26,37,2,6.03,8.01,0.613,19.6,12.9,2,1,0,2,2,0,0,0,6,7,5,7,6,6,7
1151be64-affb-48e9-87f0-69a3595a19e8,fact_02,factual,D1,control,,5,0.7,75,275,5408,False,982,156,14,3,5,0,5.22,11.14,0.699,61.7,8.9,0,0,0,0,0,0,0,0,4,4,4,4,4,4,4
0ed49803-92a5-4e79-9615-c3d7c593e399,fact_03,factual,C1,epistemic,I'm quite confident about this.,6,0.7,113,699,13585,False,3186,466,28,9,23,0,5.65,16.64,0.616,28.5,14.1,2,0,0,3,3,0,0,1,4,4,4,4,4,4,4
bfdf5b3c-00c9-49c2-8f04-e0098d5e5911,fact_05,factual,B1,cognitive,Let me think through this carefully.,1,0.7,118,657,12777,False,2903,407,22,10,3,0,6.11,18.5,0.607,20.7,15.6,0,2,0,5,2,0,0,0,4,4,4,4,4,4,4
5e870183-7c0f-4f4c-a05a-b037fbb282ab,fact_05,factual,B1,cognitive,Let me think through this carefully.,8,0.7,118,595,11586,False,2925,378,26,10,10,0,6.69,14.54,0.659,8.5,16.5,0,1,0,2,0,0,0,0,4,4,4,4,4,4,4
0c948a05-cd2a-49c0-87cb-1007fac79913,fact_02,factual,A1,emotional_positive,That's a really important question.,9,0.7,115,220,4411,False,697,113,7,1,0,0,5.18,16.14,0.717,56.4,9.4,0,0,0,2,0,0,0,1,4,4,4,4,4,4,4
6b9e647f-9e22-4ea2-a349-85af74529e0c,fact_01,factual,A5,emotional_negative,That's a boring question.,4,0.7,112,1159,22504,False,5324,752,68,37,55,0,6.03,11.06,0.616,18.4,14.4,1,0,0,3,2,0,0,0,4,4,4,4,4,4,4
e9fdcd11-184c-4258-b8f5-8d444aea5d48,fact_01,factual,D1,control,,8,0.7,74,1279,24397,False,5497,766,75,30,41,0,5.93,10.21,0.574,16.2,13.8,1,1,0,2,1,0,0,0,6,7,5,7,6,6,7
bfba7ae0-2850-4a2f-bc8e-f35d40c6c48f,fact_01,factual,A1,emotional_positive,That's a really important question.,3,0.7,114,881,16953,False,3450,485,45,14,29,0,6.09,10.78,0.656,19.8,13.6,1,1,0,3,0,0,0,1,6,7,5,7,6,6,7
d917a5a6-8168-4f06-87f8-049ad3214f3b,fact_04,factual,A1,emotional_positive,That's a really important question.,9,0.7,114,694,13389,False,2090,319,30,6,17,0,5.34,10.63,0.602,49.4,10.0,0,0,0,2,2,0,0,1,4,4,4,4,4,4,4
6dcc2be4-b9c7-41c1-9c02-60d12caf8661,fact_05,factual,A1,emotional_positive,That's a really important question.,5,0.7,116,547,10708,False,2362,328,17,5,0,0,6.19,19.29,0.613,15.0,16.3,0,2,0,4,1,0,0,1,4,4,4,4,4,4,4
868ac0e1-fa61-450c-88ac-96233aa823b7,fact_02,factual,B1,cognitive,Let me think through this carefully.,7,0.7,117,275,5620,True,1088,175,8,1,0,0,5.22,21.88,0.646,49.3,11.8,0,0,0,0,1,0,0,0,4,4,4,4,4,4,4
c7255954-43e3-4fd5-834c-38a4b727ab28,fact_04,factual,C1,epistemic,I'm quite confident about this.,3,0.7,114,299,5914,False,810,124,6,1,0,0,5.54,20.67,0.742,37.8,13.1,0,0,0,2,0,0,0,0,4,4,4,4,4,4,4
a1ee4dd0-40fd-4b52-8e3b-b2cda514ec11,fact_03,factual,C1,epistemic,I'm quite confident about this.,10,0.7,113,507,9816,False,2201,325,23,9,7,0,5.75,14.13,0.671,32.0,13.4,0,0,0,3,2,0,0,1,4,4,4,4,4,4,4
40a6463c-3995-4b0b-a97e-eea219b66d22,fact_03,factual,B1,cognitive,Let me think through this carefully.,4,0.7,115,719,13996,False,3428,496,32,11,21,0,5.89,15.5,0.607,27.5,14.3,2,0,0,3,2,0,0,0,4,4,4,4,4,4,4
c871bfa7-8b1e-42b3-9bb1-7dd57a508029,fact_02,factual,D1,control,,2,0.7,75,334,6484,False,1184,183,13,3,4,0,5.46,14.08,0.639,48.5,12.1,0,0,0,0,0,0,0,0,4,4,4,4,4,4,4
a2149b8e-0c60-4375-be8c-34800f00c70d,fact_02,factual,A5,emotional_negative,That's a boring question.,2,0.7,113,359,7095,True,657,108,7,1,0,0,5.09,15.43,0.778,61.1,8.6,0,0,0,1,0,0,0,0,4,4,4,4,4,4,4
58c30628-f73a-4a78-882c-8646cfc4b8d5,fact_04,factual,D1,control,,10,0.7,74,777,14898,False,2890,461,36,8,9,0,5.24,12.81,0.56,44.1,10.8,1,1,0,2,1,0,0,1,4,4,4,4,4,4,4
fbeb5402-5773-495e-831f-d56ca73b75d0,fact_05,factual,C1,epistemic,I'm quite confident about this.,5,0.7,116,225,4504,False,768,112,5,1,0,0,5.87,22.4,0.732,21.7,15.8,0,0,0,2,0,0,0,0,4,4,4,4,4,4,4
58a5ee9d-2c78-4695-b67c-5c2e4c1a137c,fact_04,factual,B1,cognitive,Let me think through this carefully.,4,0.7,116,841,16242,False,3537,537,25,13,13,0,5.52,21.48,0.525,28.7,15.5,1,0,0,2,0,0,0,1,4,4,4,4,4,4,4
d1e4cd9d-9c40-499b-b775-0ef83701d50d,fact_03,factual,A5,emotional_negative,That's a boring question.,10,0.7,111,579,11510,False,2635,403,27,8,6,0,5.52,14.93,0.643,36.2,12.7,1,0,0,2,1,0,0,0,4,4,4,4,4,4,4
eeaf0df7-7ce0-454e-88d6-d02782d4c7b7,fact_01,factual,D1,control,,3,0.7,74,1449,28357,False,5947,820,97,31,43,0,6.16,8.45,0.599,9.5,14.3,1,1,0,2,2,0,0,0,4,4,4,4,4,4,4
1bb9b307-2aff-4e1c-8fdb-a76fb31fd325,fact_02,factual,D1,control,,8,0.7,75,242,4724,False,968,145,11,6,4,0,5.65,13.18,0.717,43.6,12.2,0,0,0,0,0,0,0,0,4,4,4,4,4,4,4
7f2f2575-86af-44c5-85ea-5ecc7e5ebc98,fact_01,factual,B1,cognitive,Let me think through this carefully.,4,0.7,116,1023,19741,False,4288,602,42,13,25,0,6.1,14.33,0.586,13.0,15.9,1,2,0,2,1,0,0,0,4,4,4,4,4,4,4
fe69fc54-1f60-49fd-8122-c301fc1d1098,fact_04,factual,C1,epistemic,I'm quite confident about this.,8,0.7,114,379,7475,False,1385,199,17,4,4,0,5.89,11.71,0.719,32.4,12.5,1,0,0,2,0,0,0,0,4,4,4,4,4,4,4
e3ae7bb7-d238-4e6f-b28b-10106beb21e0,fact_04,factual,B1,cognitive,Let me think through this carefully.,7,0.7,116,921,18164,False,3444,509,43,10,17,0,5.62,11.84,0.568,37.0,11.9,1,0,0,3,1,0,0,0,4,4,4,4,4,4,4
a0519855-9486-4b09-bea8-ea5ced8cd730,fact_04,factual,A1,emotional_positive,That's a really important question.,8,0.7,114,404,7908,False,1666,250,17,8,14,0,5.48,14.71,0.648,37.4,13.0,2,0,0,1,1,0,0,1,4,4,4,4,4,4,4
16ee44ae-37f8-42e1-bc4e-3b622be6f237,fact_03,factual,B1,cognitive,Let me think through this carefully.,5,0.7,115,1060,20678,False,4474,621,40,9,27,0,6.03,15.53,0.589,24.5,14.5,2,0,0,4,2,1,0,1,4,4,4,4,4,4,4
48b7643e-3861-4875-ad79-fbc7f6ac976b,fact_05,factual,A5,emotional_negative,That's a boring question.,5,0.7,114,276,5463,False,684,102,5,1,0,0,5.72,20.4,0.784,33.5,13.7,0,0,0,2,0,0,0,0,4,4,4,4,4,4,4
36bc4094-65bb-414f-9c18-723e3e2cccf4,fact_02,factual,D1,control,,3,0.7,75,787,15059,False,2385,390,25,8,13,0,4.97,15.6,0.562,62.2,9.6,0,0,0,2,1,0,0,0,4,4,4,4,4,4,4
0444388a-8d3f-4d13-bdb7-4784168ab44e,fact_05,factual,C1,epistemic,I'm quite confident about this.,7,0.7,116,268,5284,False,832,120,5,1,0,0,5.94,24.0,0.708,18.2,16.7,0,0,0,2,0,0,0,0,4,4,4,4,4,4,4
cc7006fb-6912-4293-86de-8dd3c8119241,fact_03,factual,D1,control,,2,0.7,73,428,8219,False,1712,244,22,5,5,0,5.97,11.09,0.668,34.5,11.5,0,0,0,1,0,0,0,0,4,4,4,4,4,4,4
1be2b779-f8c3-44e5-a1c4-9cae193db2cd,fact_02,factual,B1,cognitive,Let me think through this carefully.,10,0.7,117,248,4909,False,703,117,7,1,0,0,5.02,16.71,0.709,65.5,8.3,0,0,0,1,0,0,0,0,4,4,4,4,4,4,4
13837fa8-c786-4e17-bed5-e3d5d6f8545d,fact_01,factual,D1,control,,9,0.7,74,1019,19465,False,4115,584,57,10,19,0,6.02,10.25,0.598,13.2,14.3,0,1,0,1,2,0,0,0,4,4,4,4,4,4,4
e18845f1-ef37-4239-9b39-fc01fef42b98,fact_01,factual,B1,cognitive,Let me think through this carefully.,10,0.7,116,976,18750,False,4526,596,46,10,34,0,6.45,12.96,0.638,9.2,15.8,1,1,0,3,1,0,0,0,4,4,4,4,4,4,4
3a838c9f-adf0-483b-af0a-37efc6d2cc1c,fact_01,factual,A5,emotional_negative,That's a boring question.,9,0.7,112,1003,19255,False,4300,573,53,16,31,0,6.48,10.81,0.653,6.7,15.6,2,2,0,1,1,0,0,1,4,4,4,4,4,4,4
e9f1f1d4-4308-47fc-9ad6-eb05309f358d,fact_01,factual,A5,emotional_negative,That's a boring question.,2,0.7,112,1284,24586,False,5270,711,48,19,31,0,6.39,14.81,0.639,5.9,17.0,1,0,0,3,1,0,0,0,4,4,4,4,4,4,4
d0640d07-8660-4983-8e52-764d2ff35193,fact_01,factual,C1,epistemic,I'm quite confident about this.,2,0.7,114,483,9368,False,2242,310,24,8,20,0,5.99,12.92,0.648,17.2,14.7,1,2,0,2,1,0,0,0,4,4,4,4,4,4,4
2b7e5605-2949-4d0c-80bb-2b668adba579,fact_01,factual,B1,cognitive,Let me think through this carefully.,1,0.7,116,738,14524,False,3555,480,41,11,12,0,6.28,11.71,0.656,16.1,14.7,1,2,0,2,2,0,0,0,4,4,4,4,4,4,4
ae71cfc8-dddc-4bd5-9a82-54736fdc7a84,fact_04,factual,A1,emotional_positive,That's a really important question.,4,0.7,114,580,11369,False,2238,321,24,7,19,0,5.74,13.38,0.62,38.6,11.7,0,0,0,1,1,0,0,1,4,4,4,4,4,4,4
0a3c64a6-82f2-4722-af38-ee5b1dc03c88,fact_03,factual,C1,epistemic,I'm quite confident about this.,2,0.7,113,600,11785,False,2473,339,26,7,16,0,6.12,13.04,0.702,29.8,13.2,2,0,0,1,2,0,0,0,4,4,4,4,4,4,4
30308935-23e9-4f96-a70c-ee6a59f26883,fact_01,factual,A5,emotional_negative,That's a boring question.,6,0.7,112,742,14428,False,2873,407,34,10,7,0,6.04,11.97,0.673,21.6,14.1,1,1,0,3,2,0,0,0,4,4,4,4,4,4,4
0465962f-26eb-4339-b9de-e0deafc79e1c,fact_04,factual,A1,emotional_positive,That's a really important question.,2,0.7,114,851,16558,False,3153,480,25,12,7,0,5.51,19.2,0.579,26.5,14.8,1,0,0,3,0,0,0,2,4,4,4,4,4,4,4
002881de-857a-45f6-8541-3bb309f8b0ca,fact_04,factual,C1,epistemic,I'm quite confident about this.,5,0.7,114,477,9369,False,1787,264,13,4,4,0,5.76,20.31,0.625,27.7,14.4,1,0,0,2,1,0,0,0,4,4,4,4,4,4,4
e33c1ae5-1ba7-4c86-bb73-e8f479e1168d,fact_03,factual,A1,emotional_positive,That's a really important question.,6,0.7,113,655,12788,False,2857,413,25,9,7,0,5.82,16.52,0.625,26.0,15.0,1,0,0,2,2,0,0,2,4,4,4,4,4,4,4
cfabfed1-3f1a-47fb-86e6-503c12b51202,fact_01,factual,B1,cognitive,Let me think through this carefully.,2,0.7,116,998,19385,False,4390,585,46,10,31,0,6.28,12.72,0.632,10.8,15.3,0,1,0,0,2,0,0,0,4,4,4,4,4,4,4
9f15aea0-e01c-4f6c-a196-06bff1f6e2a4,fact_05,factual,B1,cognitive,Let me think through this carefully.,7,0.7,118,467,9184,False,1860,265,10,3,0,0,6.01,26.5,0.653,12.7,18.1,1,0,0,2,0,0,0,0,4,4,4,4,4,4,4
8cb02a17-5111-4bb9-87d2-697297e19b45,fact_01,factual,B1,cognitive,Let me think through this carefully.,6,0.7,116,1398,27088,False,5882,808,79,32,49,0,6.11,10.23,0.583,12.3,14.7,1,2,0,2,2,0,0,0,4,4,4,4,4,4,4
61755465-703d-442e-a45f-3c8f19bc51c7,fact_03,factual,A5,emotional_negative,That's a boring question.,3,0.7,111,758,14775,False,2280,348,25,8,5,0,5.53,13.92,0.647,45.2,11.0,1,1,0,2,1,0,0,1,4,4,4,4,4,4,4
03167939-4208-44e3-a785-ec8f4f68347e,fact_04,factual,A1,emotional_positive,That's a really important question.,3,0.7,114,474,9309,False,1923,299,20,7,16,0,5.23,14.95,0.612,45.2,11.4,0,1,0,3,0,0,0,1,4,4,4,4,4,4,4
872a8aab-0c87-4cbe-b88d-51372fad7022,fact_01,factual,A1,emotional_positive,That's a really important question.,8,0.7,114,972,18869,False,3785,551,54,10,21,0,5.81,10.2,0.608,23.1,13.5,1,2,0,2,1,0,0,1,6,7,5,7,6,6,7
adf69bc0-79f1-40d1-ae0b-c1098e544d68,fact_03,factual,D1,control,,1,0.7,73,905,17664,False,3716,503,41,13,22,0,6.26,12.27,0.616,29.9,12.5,1,1,0,2,1,0,0,0,4,4,4,4,4,4,4
8d7ada37-b11c-4e00-9402-fd2388cf0713,fact_03,factual,A5,emotional_negative,That's a boring question.,6,0.7,111,888,17254,False,3526,502,31,11,25,0,5.85,16.19,0.6,22.9,15.3,1,0,0,2,3,0,0,0,4,4,4,4,4,4,4
a726a47e-0754-4d70-b561-130d55a225a6,fact_03,factual,B1,cognitive,Let me think through this carefully.,2,0.7,115,806,15716,False,3178,462,33,10,8,0,5.77,14.0,0.615,35.2,12.8,1,0,0,2,2,0,0,0,4,4,4,4,4,4,4
4e1c50a0-a44d-4238-bea6-731799e45f38,fact_03,factual,D1,control,,4,0.7,73,724,14046,False,2856,412,41,11,12,0,5.83,10.05,0.604,31.6,11.9,0,0,0,1,0,0,0,0,4,4,4,4,4,4,4
34eb11fe-e77b-4553-b777-6ae8b8100f9f,fact_01,factual,A5,emotional_negative,That's a boring question.,7,0.7,112,1093,21244,True,4373,607,58,22,49,2,6.09,10.47,0.644,26.5,12.6,0,2,0,4,2,0,0,0,4,4,4,4,4,4,4
9e7f521d-dd53-4abc-bef1-f28f9b3e11ab,fact_01,factual,A5,emotional_negative,That's a boring question.,8,0.7,112,550,10785,False,2129,291,22,10,8,0,6.29,13.23,0.711,9.2,16.7,2,1,0,2,1,0,0,0,4,4,4,4,4,4,4
896670a0-37cf-415e-b4ed-7562a5a1bb92,fact_04,factual,C1,epistemic,I'm quite confident about this.,10,0.7,114,451,8894,False,1575,239,17,6,4,0,5.49,14.06,0.653,38.0,12.2,0,0,0,2,0,0,0,0,4,4,4,4,4,4,4
d18e417d-bd8d-41b3-ab80-bcf9dece76f1,fact_01,factual,B1,cognitive,Let me think through this carefully.,9,0.7,116,1252,24326,False,5413,733,85,26,35,0,6.31,8.62,0.621,15.6,14.1,0,2,0,1,2,0,0,2,4,4,4,4,4,4,4
6f2eaf04-14cc-4a98-93a1-17c7dbe31939,fact_04,factual,B1,cognitive,Let me think through this carefully.,3,0.7,116,1150,22296,False,4727,723,53,17,12,0,5.47,13.64,0.492,33.8,12.7,2,0,0,4,1,0,0,1,4,4,4,4,4,4,4
99a3e6b1-ac18-4ead-8d6d-d5b418207e08,fact_02,factual,A1,emotional_positive,That's a really important question.,3,0.7,115,238,4781,False,842,141,6,1,0,0,4.98,23.5,0.638,58.8,10.9,0,0,0,0,0,0,0,1,4,4,4,4,4,4,4
fe37d8ee-32c6-4b0a-8221-23a1ebd9e7b0,fact_01,factual,C1,epistemic,I'm quite confident about this.,1,0.7,114,960,18760,False,3988,530,37,10,30,0,6.51,14.32,0.657,4.0,16.8,1,0,0,2,1,0,0,0,4,4,4,4,4,4,4
cfc5dc47-0af8-46a6-8fc9-6c4a21e4b595,fact_05,factual,D1,control,,2,0.7,76,476,9281,False,2005,271,14,4,3,0,6.38,19.36,0.616,8.5,17.2,0,0,0,1,3,0,0,0,4,4,4,4,4,4,4
10538212-5a02-4264-acaf-cce34c3cbbb5,fact_05,factual,A1,emotional_positive,That's a really important question.,9,0.7,116,557,10899,False,1993,281,12,4,0,0,6.09,23.42,0.641,16.3,16.8,0,1,0,1,1,0,0,1,4,4,4,4,4,4,4
9a478d1d-009c-4674-9498-04f2cc57a15a,fact_03,factual,A1,emotional_positive,That's a really important question.,10,0.7,113,830,16151,False,3239,479,36,9,10,0,5.73,13.31,0.608,32.0,13.0,1,0,0,3,2,0,0,1,4,4,4,4,4,4,4
c60bd39f-f232-4db6-a171-7fd28e4c2ff0,fact_03,factual,C1,epistemic,I'm quite confident about this.,4,0.7,113,443,8708,False,1695,254,15,5,0,0,5.66,16.93,0.681,37.1,12.3,0,0,0,2,3,0,0,0,4,4,4,4,4,4,4
8f8efe59-8494-4447-9fa1-f7f64f2763e9,fact_03,factual,B1,cognitive,Let me think through this carefully.,6,0.7,115,796,15538,False,3111,429,30,9,21,0,6.07,14.3,0.65,25.4,14.0,2,0,0,0,2,1,0,0,4,4,4,4,4,4,4
9406f1f7-dc46-42d4-9648-4eb5eb41e279,fact_01,factual,A1,emotional_positive,That's a really important question.,1,0.7,114,1293,24818,False,5491,710,78,19,40,0,6.58,9.1,0.614,3.8,15.4,2,2,0,2,2,0,0,1,4,4,4,4,4,4,4
dcdc9ede-c597-4353-b402-0c6ea3c802b0,fact_04,factual,A5,emotional_negative,That's a boring question.,5,0.7,112,617,11775,False,2413,367,36,8,11,0,5.42,10.19,0.602,42.4,11.1,2,0,0,2,1,0,0,0,4,4,4,4,4,4,4
f8373e54-5f35-40e9-9fae-1d5646df904d,fact_02,factual,B1,cognitive,Let me think through this carefully.,8,0.7,117,467,9184,True,1578,253,12,3,0,0,5.23,21.08,0.609,52.3,11.2,1,0,0,0,0,0,0,0,4,4,4,4,4,4,4
31423bec-cd97-4efe-a7aa-3d234a1f39b9,fact_01,factual,D1,control,,10,0.7,74,1670,32225,False,7622,1067,110,29,48,0,6.04,9.7,0.552,14.1,14.1,1,1,0,3,2,0,1,0,4,4,4,4,4,4,4
516c43c1-d598-4555-a8e0-46ddd660736a,fact_02,factual,A5,emotional_negative,That's a boring question.,8,0.7,113,385,7424,True,929,150,8,2,0,0,5.18,18.75,0.62,54.7,10.3,0,0,0,1,0,0,0,0,4,4,4,4,4,4,4
a35b7c30-2066-4bb3-914c-bfe57b9d556e,fact_03,factual,A1,emotional_positive,That's a really important question.,8,0.7,113,1058,19989,False,5043,700,49,24,31,0,6.13,14.29,0.58,26.1,13.8,1,0,0,4,2,0,0,1,4,4,4,4,4,4,4
e9f47aa3-646a-49c2-a3c6-2a1993a6b240,fact_02,factual,C1,epistemic,I'm quite confident about this.,7,0.7,115,310,6148,False,1003,171,7,1,0,0,4.87,24.43,0.637,57.3,11.3,0,0,0,0,1,0,0,0,4,4,4,4,4,4,4
c99f48dd-0cc5-4e60-b252-6f2c26e47537,fact_03,factual,B1,cognitive,Let me think through this carefully.,1,0.7,115,871,16956,False,3936,544,33,5,7,0,6.23,16.48,0.605,16.1,15.9,2,0,0,2,3,0,0,0,4,4,4,4,4,4,4
7315ec12-ea8d-469a-8e0f-b41f4e0cffc8,fact_02,factual,C1,epistemic,I'm quite confident about this.,9,0.7,115,304,6058,False,757,120,7,1,0,0,5.32,17.14,0.733,59.0,9.3,1,1,0,1,0,0,0,0,4,4,4,4,4,4,4
edee044c-b7b0-4b61-b55e-29525f1c6988,fact_04,factual,B1,cognitive,Let me think through this carefully.,6,0.7,116,1790,34293,False,7114,1017,99,33,73,4,5.76,10.27,0.507,31.7,11.8,1,0,0,2,1,0,0,2,4,4,4,4,4,4,4
837242ef-331b-46f5-bde6-fe3a9ffe3394,fact_01,factual,C1,epistemic,I'm quite confident about this.,10,0.7,114,833,15905,False,3686,476,34,9,27,0,6.52,14.0,0.679,6.0,16.6,2,0,0,1,1,0,0,0,4,4,4,4,4,4,4
f649e6f7-b456-4421-bebc-29f2f0fbc6ba,fact_04,factual,D1,control,,4,0.7,74,967,18483,False,3327,535,45,16,19,0,5.16,11.89,0.536,43.7,10.5,3,1,0,1,1,0,0,1,4,4,4,4,4,4,4
3cd10807-2bc6-4d6f-a53d-d02940aff603,fact_02,factual,B1,cognitive,Let me think through this carefully.,1,0.7,117,273,5422,True,805,131,8,1,0,0,5.15,16.38,0.71,58.5,9.2,0,0,0,1,1,0,0,0,4,4,4,4,4,4,4
62e7a7c6-6258-4dc3-9565-547a8a3eb111,fact_03,factual,D1,control,,6,0.7,73,592,11374,False,2278,333,22,6,6,0,5.82,15.14,0.643,35.8,12.0,1,0,0,1,0,0,0,0,4,4,4,4,4,4,4
a3fbf9d9-d062-4b05-b49b-4f7acab96d24,fact_03,factual,B1,cognitive,Let me think through this carefully.,9,0.7,115,685,13198,False,2936,423,29,8,15,0,5.81,14.59,0.662,33.9,12.6,1,0,0,1,1,0,0,0,4,4,4,4,4,4,4
7e4cdec1-1c53-40f4-ae3e-e2d0fd910693,fact_01,factual,A1,emotional_positive,That's a really important question.,2,0.7,114,810,16393,False,3284,438,34,11,28,0,6.26,12.88,0.674,12.4,15.7,0,1,0,4,2,0,0,1,4,4,4,4,4,4,4
a9155418-d0f5-42fe-bf36-b7bc6e1d53ab,fact_01,factual,D1,control,,7,0.7,74,1609,32405,False,7085,979,90,37,50,0,6.1,10.88,0.563,10.5,14.6,2,2,0,1,3,0,0,0,4,4,4,4,4,4,4
2034f262-2294-4e9f-9771-99ca449c15b1,fact_01,factual,A1,emotional_positive,That's a really important question.,6,0.7,114,1055,21370,False,4781,672,61,16,27,0,5.99,11.02,0.583,16.6,13.9,2,1,0,2,1,0,0,1,4,4,4,4,4,4,4
44e0ffd7-344d-4381-b349-d655f07194b8,fact_05,factual,B1,cognitive,Let me think through this carefully.,6,0.7,118,690,13452,False,2774,393,21,6,9,0,6.02,18.71,0.636,25.6,14.6,2,0,0,2,4,0,0,0,4,4,4,4,4,4,4
04d79491-646d-4eda-b389-99326c7bbf58,fact_05,factual,C1,epistemic,I'm quite confident about this.,2,0.7,116,272,6039,False,819,115,6,1,0,0,6.13,19.17,0.783,18.9,15.4,1,0,0,3,0,0,0,0,4,4,4,4,4,4,4
fd26af14-58c5-4c3c-ab96-1535af5ffee8,fact_04,factual,B1,cognitive,Let me think through this carefully.,5,0.7,116,916,18738,False,3587,557,26,11,16,0,5.33,21.42,0.53,31.8,14.9,2,0,0,2,1,0,0,0,4,4,4,4,4,4,4
16a0ddd1-5768-40f3-bbb0-f2149a5490a7,fact_04,factual,A5,emotional_negative,That's a boring question.,8,0.7,112,892,17598,False,3634,543,43,11,14,0,5.62,12.63,0.545,33.7,12.7,2,0,0,2,2,0,0,1,4,4,4,4,4,4,4
bbc87922-bf18-4852-a44e-6b5c7265a9e5,fact_02,factual,A5,emotional_negative,That's a boring question.,7,0.7,113,302,6321,False,915,147,8,1,0,0,5.23,18.38,0.667,58.1,9.7,0,0,0,0,1,0,0,0,4,4,4,4,4,4,4
f387eeaf-f5c5-4372-979f-475fb2d36c76,fact_02,factual,A5,emotional_negative,That's a boring question.,10,0.7,113,331,6712,False,627,104,4,1,0,0,5.04,26.0,0.721,55.2,12.0,1,0,0,0,0,0,0,0,4,4,4,4,4,4,4
ebd62071-c18a-40b3-8a4d-a9fcf8ce8cd3,fact_05,factual,D1,control,,10,0.7,76,380,7359,False,1689,249,12,5,2,0,5.76,20.75,0.635,21.9,15.4,0,0,0,2,1,0,0,0,4,4,4,4,4,4,4
f69ec3a9-eafb-459b-97f6-5cd1b7f4547a,fact_01,factual,A1,emotional_positive,That's a really important question.,10,0.7,114,1099,21164,False,4575,652,50,18,15,0,5.99,13.04,0.558,17.7,14.6,2,1,0,2,2,0,0,1,4,4,4,4,4,4,4
acfb1ad5-205a-41ad-b02d-e861a7dd8652,fact_04,factual,C1,epistemic,I'm quite confident about this.,4,0.7,114,273,5461,False,948,150,7,1,0,0,5.33,21.43,0.727,44.6,12.4,2,0,0,0,1,0,0,0,4,4,4,4,4,4,4
a796c727-3d17-47c2-b4aa-cc0fdb6a012a,fact_01,factual,B1,cognitive,Let me think through this carefully.,5,0.7,116,955,18494,False,4506,591,57,12,34,0,6.39,10.37,0.643,14.8,14.3,2,1,0,4,2,0,0,0,4,4,4,4,4,4,4
830d4f4b-59d7-43d4-902c-b8f117fb0177,fact_02,factual,D1,control,,6,0.7,75,446,8565,False,1457,232,16,7,10,0,5.15,14.5,0.629,51.8,11.0,0,0,0,0,1,0,0,1,4,4,4,4,4,4,4
84b2a631-8f91-4376-9bc4-a994bf2506d0,fact_02,factual,C1,epistemic,I'm quite confident about this.,5,0.7,115,322,6396,False,871,139,8,1,0,0,5.27,17.38,0.647,57.7,9.5,0,0,0,1,0,0,0,0,4,4,4,4,4,4,4
30ccce7f-f342-4422-b31c-fea45f47a14f,fact_05,factual,C1,epistemic,I'm quite confident about this.,3,0.7,116,418,8147,False,1498,212,12,4,3,0,6.06,17.67,0.675,14.7,15.9,1,0,0,2,1,0,0,0,4,4,4,4,4,4,4
2baab13a-3653-45d2-b274-f0acfacfac60,fact_05,factual,A5,emotional_negative,That's a boring question.,10,0.7,114,426,8291,False,1634,243,13,4,0,0,5.71,18.69,0.687,30.7,14.0,1,2,0,3,2,0,0,0,4,4,4,4,4,4,4
9073a21d-b7a2-4858-ba78-7838b34a723d,fact_01,factual,C1,epistemic,I'm quite confident about this.,5,0.7,114,878,17244,False,3601,484,38,10,28,0,6.22,12.74,0.661,16.6,14.8,2,2,0,4,3,0,0,0,4,4,4,4,4,4,4
